coach,team,season,should_go,shouldnt_go,pct,epa,count,z_wins,z_should,z_shouldnt,z_epa,above_mean_wins,above_mean_should,above_mean_shouldnt,above_mean_epa
Adam Gase,MIA,2016,0,1,0.625,-0.2775340075328635,16,0.6517055457215783,-1.8011995406165022,0.49297150027201964,-1.4449139534849829,1,0,1,0
Adam Gase,MIA,2017,0.5,1,0.375,-0.13259743833503934,14,-0.6546255353040723,0.43802719595704304,0.49297150027201964,-0.6118332173803998,0,1,1,0
Adam Gase,MIA,2018,0,1,0.4375,-0.02079821542330695,13,-0.32804276504765967,-1.8011995406165022,0.49297150027201964,0.03077740487120372,0,0,1,1
Adam Gase,NYJ,2019,0.2857142857142857,1,0.4375,-0.17131169103181754,17,-0.32804276504765967,-0.5216414054316193,0.49297150027201964,-0.8343588250505376,0,0,1,0
Adam Gase,NYJ,2020,0.4,1,0.125,-0.3822221579743851,15,-1.960956616329723,-0.009818151357665937,0.49297150027201964,-2.046650850625221,0,0,1,0
Andy Reid,KC,2016,0.25,1,0.75,0.23033065954117846,19,1.3048710862344035,-0.6815861723297296,0.49297150027201964,1.4742407707452596,1,0,1,1
Andy Reid,KC,2017,0.3333333333333333,0.8571428571428571,0.625,0.09569372189783608,22,0.6517055457215783,-0.30838171623413885,-1.5398168397669623,0.7003612747728495,1,0,0,1
Andy Reid,KC,2018,0.75,1,0.75,0.35273156492728663,16,1.3048710862344035,1.5576405642438156,0.49297150027201964,2.1777887912572367,1,1,1,1
Andy Reid,KC,2019,0.4,0.9090909090909091,0.75,0.02099820265682829,16,1.3048710862344035,-0.009818151357665937,-0.800621079752787,0.2710189873334488,1,0,0,1
Andy Reid,KC,2020,0.5,1,0.875,0.09658935738591376,11,1.958036626747229,0.43802719595704304,0.49297150027201964,0.7055092969443328,1,1,1,1
Andy Reid,KC,2021,0,1,0.7058823529411765,0.3827879284066563,10,1.0743420719357597,-1.8011995406165022,0.49297150027201964,2.350549727648962,1,0,1,1
Andy Reid,KC,2022,0.16666666666666666,0.9,0.8235294117647058,0.05900955982499461,16,1.689086110065477,-1.0547906284253206,-0.9299803377552669,0.4895044226190634,1,0,0,1
Anthony Lynn,LAC,2017,0.1,1,0.5625,-0.3327246536066825,19,0.32512277546516566,-1.3533541933017934,0.49297150027201964,-1.7621442033228194,1,0,1,0
Anthony Lynn,LAC,2018,0.2857142857142857,1,0.75,-0.14196820294043344,14,1.3048710862344035,-0.5216414054316193,0.49297150027201964,-0.665695424265325,1,0,1,0
Anthony Lynn,LAC,2019,0.4444444444444444,0.875,0.3125,-0.051826356352975944,17,-0.981208305560485,0.189224225226649,-1.2857182972620889,-0.14756920998735631,0,1,0,0
Anthony Lynn,LAC,2020,0.4,1,0.4375,-0.5518614154741824,16,-0.32804276504765967,-0.009818151357665937,0.49297150027201964,-3.021720139848383,0,0,1,0
Arthur Smith,ATL,2021,0,1,0.4117647058823529,-0.26955703492550975,11,-0.46251802338853554,-1.8011995406165022,0.49297150027201964,-1.3990631219908967,0,0,1,0
Arthur Smith,ATL,2022,0.625,1,0.4117647058823529,-0.05402742786564017,19,-0.46251802338853554,0.9978338801004294,0.49297150027201964,-0.16022074635349148,0,1,1,0
Ben McAdoo,NYG,2016,0.26666666666666666,1,0.6875,0.08527453308951163,28,0.9782883159779909,-0.6069452811106115,0.49297150027201964,0.640472831641536,1,0,1,1
Ben McAdoo,NYG,2017,0.3333333333333333,1,0.16666666666666666,-0.40698536394186086,15,-1.7432347694921146,-0.30838171623413885,0.49297150027201964,-2.188987253162365,0,0,1,0
Bill Belichick,NE,2016,0.5,1,0.875,0.22065262239587408,8,1.958036626747229,0.43802719595704304,0.49297150027201964,1.418612392388566,1,1,1,1
Bill Belichick,NE,2017,0.2,1,0.8125,0.10835939233052547,16,1.6314538564908163,-0.9055088459870841,0.49297150027201964,0.7731622669980838,1,0,1,1
Bill Belichick,NE,2018,0.3333333333333333,1,0.6875,-0.15272465010534383,9,0.9782883159779909,-0.30838171623413885,0.49297150027201964,-0.7275223943089082,1,0,1,0
Bill Belichick,NE,2019,0.2857142857142857,1,0.75,-0.13536184005506105,15,1.3048710862344035,-0.5216414054316193,0.49297150027201964,-0.6277227187847081,1,0,1,0
Bill Belichick,NE,2020,0.6,1,0.4375,0.26188898941405303,15,-0.32804276504765967,0.885872543271752,0.49297150027201964,1.6556348580086433,0,1,1,1
Bill Belichick,NE,2021,0,1,0.5882352941176471,0.2122361570589275,7,0.45959803380604153,-1.8011995406165022,0.49297150027201964,1.3702354011495088,1,0,1,1
Bill Belichick,NE,2022,0.125,0.8,0.47058823529411764,-0.22103657152205378,13,-0.15514600432367653,-1.241392856473116,-2.3529321757825534,-1.1201724073009742,0,0,0,0
Bill Callahan,WAS,2019,0.25,1,0.2727272727272727,-0.16734206250931735,10,-1.1890337048145658,-0.6815861723297296,0.49297150027201964,-0.811541801921803,0,0,1,0
Bill O'Brien,HOU,2016,0.2,1,0.5625,-0.19244444151998547,20,0.32512277546516566,-0.9055088459870841,0.49297150027201964,-0.955827736796116,1,0,1,0
Bill O'Brien,HOU,2017,0.16666666666666666,1,0.25,-0.07964397113589658,15,-1.3077910758168976,-1.0547906284253206,0.49297150027201964,-0.3074620453724591,0,0,1,0
Bill O'Brien,HOU,2018,0,1,0.6875,0.008058127419242483,18,0.9782883159779909,-1.8011995406165022,0.49297150027201964,0.19664074405198367,1,0,1,1
Bill O'Brien,HOU,2019,0.75,1,0.625,-0.012646700258885039,15,0.6517055457215783,1.5576405642438156,0.49297150027201964,0.07763148932435099,1,1,1,1
Brandon Staley,LAC,2021,0.8,0.5714285714285714,0.5294117647058824,0.02518617555549135,17,0.1522260147411825,1.7815632379011703,-5.605393519844924,0.29509103184584673,1,1,0,1
Brandon Staley,LAC,2022,0.375,1,0.5882352941176471,-0.009079980551907372,26,0.45959803380604153,-0.12177948818634331,0.49297150027201964,0.09813263334489183,1,0,1,1
Brian Daboll,NYG,2022,0.4444444444444444,1,0.5588235294117647,0.15857956138314647,23,0.305912024273612,0.189224225226649,0.49297150027201964,1.061822717795357,1,1,1,1
Brian Flores,MIA,2019,0.25,1,0.3125,-0.05082396319070627,13,-0.981208305560485,-0.6815861723297296,0.49297150027201964,-0.14180755550559454,0,0,1,0
Brian Flores,MIA,2020,0,1,0.625,0.13073305920462294,7,0.6517055457215783,-1.8011995406165022,0.49297150027201964,0.9017638405829487,1,0,1,1
Brian Flores,MIA,2021,0.6,1,0.5294117647058824,-0.08195976746623712,10,0.1522260147411825,0.885872543271752,0.49297150027201964,-0.320773008383562,1,1,1,0
Bruce Arians,ARI,2016,0.5714285714285714,1,0.46875,-0.3127796780225972,13,-0.16475137991945335,0.7579167297532636,0.49297150027201964,-1.647502501555346,0,1,1,0
Bruce Arians,ARI,2017,0.125,1,0.5,-0.08280526814039825,27,-0.00145999479124701,-1.241392856473116,0.49297150027201964,-0.32563286071693465,0,0,1,0
Bruce Arians,TB,2019,0.45454545454545453,1,0.4375,-0.08680757752014852,24,-0.32804276504765967,0.23446112899581156,0.49297150027201964,-0.34863773010672755,0,1,1,0
Bruce Arians,TB,2020,0.4,1,0.6875,-0.01326708681878268,12,0.9782883159779909,-0.009818151357665937,0.49297150027201964,0.07406557014433031,1,0,1,1
Bruce Arians,TB,2021,0.14285714285714285,0.9,0.7647058823529411,-0.13362108175590437,17,1.381714091000618,-1.1614204730240607,-0.9299803377552669,-0.6177170161986186,1,0,0,0
Chip Kelly,SF,2016,0.3333333333333333,1,0.125,0.00997613529813298,6,-1.960956616329723,-0.30838171623413885,0.49297150027201964,0.20766525928953958,0,0,1,1
Chuck Pagano,IND,2016,0.5,1,0.5,0.13710116137901598,15,-0.00145999479124701,0.43802719595704304,0.49297150027201964,0.9383670476023694,0,1,1,1
Chuck Pagano,IND,2017,0.45454545454545453,0.9166666666666666,0.25,0.13863784503781731,23,-1.3077910758168976,0.23446112899581156,-0.6928216980840533,0.9471997498025075,0,1,0,1
Dan Campbell,DET,2021,0.5555555555555556,1,0.20588235294117646,-0.07760529488984517,18,-1.5383200901155418,0.686830166687437,0.49297150027201964,-0.29574394056882386,0,1,1,0
Dan Campbell,DET,2022,0.6666666666666666,1,0.5294117647058824,-0.0043197236943298915,17,0.1522260147411825,1.1844361081482246,0.49297150027201964,0.1254941081535357,1,1,1,1
Dan Quinn,ATL,2016,0.5,1,0.6875,0.22051655163757744,10,0.9782883159779909,0.43802719595704304,0.49297150027201964,1.417830271436542,1,1,1,1
Dan Quinn,ATL,2017,0.5,1,0.625,0.04795994313499101,23,0.6517055457215783,0.43802719595704304,0.49297150027201964,0.42599234380603823,1,1,1,1
Dan Quinn,ATL,2018,0.16666666666666666,1,0.4375,0.02167220594708608,10,-0.32804276504765967,-1.0547906284253206,0.49297150027201964,0.27489309005502266,0,0,1,1
Dan Quinn,ATL,2019,0.8,1,0.4375,-0.06340025201393021,10,-0.32804276504765967,1.7815632379011703,0.49297150027201964,-0.21409479128261283,0,1,1,0
David Culley,HOU,2021,0.1,1,0.23529411764705882,-0.07050607602319757,19,-1.3846340805831123,-1.3533541933017934,0.49297150027201964,-0.254938348771477,0,0,1,0
Dennis Allen,NO,2022,0.14285714285714285,1,0.4117647058823529,-0.12615855519944982,18,-0.46251802338853554,-1.1614204730240607,0.49297150027201964,-0.5748231685571327,0,0,1,0
Dirk Koetter,TB,2016,0,1,0.5625,-0.10324200481672702,17,0.32512277546516566,-1.8011995406165022,0.49297150027201964,-0.4431011554897565,1,0,1,0
Dirk Koetter,TB,2017,0.5,1,0.3125,-0.10693746753107901,15,-0.981208305560485,0.43802719595704304,0.49297150027201964,-0.46434230129138904,0,1,1,0
Dirk Koetter,TB,2018,0.3333333333333333,1,0.3125,-0.08397228127224485,13,-0.981208305560485,-0.30838171623413885,0.49297150027201964,-0.33234073412875453,0,0,1,0
Doug Marrone,JAX,2017,0.1111111111111111,1,0.625,0.11929088408800209,24,0.6517055457215783,-1.3035935991557144,0.49297150027201964,0.83599537564997894,1,0,1,1
Doug Marrone,JAX,2018,0.25,1,0.3125,0.027244165402909935,23,-0.981208305560485,-0.6815861723297296,0.49297150027201964,0.3069201492761286,0,0,1,1
Doug Marrone,JAX,2019,0.8,1,0.375,0.19315134594562722,10,-0.6546255353040723,1.7815632379011703,0.49297150027201964,1.2605378377348242,0,1,1,1
Doug Marrone,JAX,2020,0.3333333333333333,0.8333333333333334,0.0625,-0.3402627908293361,9,-2.2875393865861358,-0.30838171623413885,-1.8786148964401246,-1.8054726534238714,0,0,0,0
Doug Pederson,JAX,2022,0.5555555555555556,0.9,0.5294117647058824,0.052177204880037735,19,0.1522260147411825,0.686830166687437,-0.9299803377552669,0.4502327376442137,1,1,0,1
Doug Pederson,PHI,2016,0.21428571428571427,1,0.4375,-0.04162953169184959,28,-0.32804276504765967,-0.8415309392278401,0.49297150027201964,-0.08895889347692498,0,0,1,0
Doug Pederson,PHI,2017,0.3333333333333333,1,0.8125,0.25848651603089284,21,1.6314538564908163,-0.30838171623413885,0.49297150027201964,1.6360777852401382,1,0,1,1
Doug Pederson,PHI,2018,0.5384615384615384,1,0.5625,0.19263982489618572,24,0.32512277546516566,0.6102754064627003,0.49297150027201964,1.2575976664946724,1,1,1,1
Doug Pederson,PHI,2019,0.8181818181818182,1,0.5625,-0.19209439590774102,22,0.32512277546516566,1.862989664685663,0.49297150027201964,-0.9538157100320441,1,1,1,0
Doug Pederson,PHI,2020,0.4,0.7142857142857143,0.28125,-0.15800351813781935,19,-1.1444996906886913,-0.009818151357665937,-3.5726051798059424,-0.7578647936814998,0,0,0,0
Frank Reich,IND,2018,0.3333333333333333,1,0.625,-0.06641570525312866,11,0.6517055457215783,-0.30838171623413885,0.49297150027201964,-0.23142731141955358,1,0,1,0
Frank Reich,IND,2019,0.6363636363636364,1,0.4375,-0.15180533864915272,25,-0.32804276504765967,1.048725396840737,0.49297150027201964,-0.7222382850680736,0,1,1,0
Frank Reich,IND,2020,0.8333333333333334,1,0.6875,-0.038243415829961325,21,0.9782883159779909,1.9308450203394067,0.49297150027201964,-0.06949584208575388,1,1,1,0
Frank Reich,IND,2021,0.5,1,0.5294117647058824,0.034960857365877014,13,0.1522260147411825,0.43802719595704304,0.49297150027201964,0.35127491395961224,1,1,1,1
Frank Reich,IND,2022,0.2857142857142857,1,0.3888888888888889,-0.23502425475515337,11,-0.5820515863582028,-0.5216414054316193,0.49297150027201964,-1.2005721953511752,0,0,1,0
Freddie Kitchens,CLE,2019,0.8571428571428571,0.8888888888888888,0.375,-0.016030424934279218,16,-0.6546255353040723,2.0374748649381464,-1.0880860975360775,0.05818218223122475,0,1,0,1
Gary Kubiak,DEN,2016,0.2,0.9090909090909091,0.5625,-0.03713398576861719,16,0.32512277546516566,-0.9055088459870841,-0.800621079752787,-0.0631189503373393,1,0,0,0
Gus Bradley,JAX,2016,0.4375,0.9285714285714286,0.14285714285714285,0.01616083593525467,30,-1.8676472533993194,0.15812385388534986,-0.5234226697474704,0.24321429282797918,0,1,0,1
Hue Jackson,CLE,2016,0.5,1,0.0625,0.0766228009732988,11,-2.2875393865861358,0.43802719595704304,0.49297150027201964,0.5907435507578648,0,1,1,1
Hue Jackson,CLE,2017,0.7142857142857143,1,0,-0.07643462022289965,10,-2.6141221568425483,1.3976957973457054,0.49297150027201964,-0.28901502102370324,0,1,1,0
Hue Jackson,CLE,2018,0.3333333333333333,1,0.3125,-0.3302098099138422,11,-0.981208305560485,-0.30838171623413885,0.49297150027201964,-1.747689136210255,0,0,1,0
Jack Del Rio,LV,2016,0.6,0.8571428571428571,0.75,0.16367106472918358,17,1.3048710862344035,0.885872543271752,-1.5398168397669623,1.0910881639065184,1,1,0,1
Jack Del Rio,LV,2017,0.3333333333333333,1,0.375,-0.0025530326960836085,14,-0.6546255353040723,-0.30838171623413885,0.49297150027201964,0.1356488692703074,0,0,1,1
Jason Garrett,DAL,2016,0.09090909090909091,1,0.8125,0.06296733987319424,24,1.6314538564908163,-1.3940674066940393,0.49297150027201964,0.5122533419162623,1,0,1,1
Jason Garrett,DAL,2017,0.42857142857142855,1,0.5625,-0.05845838330134386,10,0.32512277546516566,0.11813766216082217,0.49297150027201964,-0.18568942990556533,1,1,1,0
Jason Garrett,DAL,2018,0.5,1,0.625,-0.1253156786039869,14,0.6517055457215783,0.43802719595704304,0.49297150027201964,-0.5699783991626318,1,1,1,0
Jason Garrett,DAL,2019,0.4,1,0.5,-0.42421552630313103,12,-0.00145999479124701,-0.009818151357665937,0.49297150027201964,-2.288024483190464,0,0,1,0
Jay Gruden,WAS,2016,0.3,1,0.53125,-0.0942718684565998,23,0.1618313903369593,-0.45766349867237516,0.49297150027201964,-0.39154171922592734,1,0,1,0
Jay Gruden,WAS,2017,0,1,0.4375,-0.15854956939795808,21,-0.32804276504765967,-1.8011995406165022,0.49297150027201964,-0.7610034410792199,0,0,1,0
Jay Gruden,WAS,2018,0.3333333333333333,1,0.4375,0.14621755804312317,13,-0.32804276504765967,-0.30838171623413885,0.49297150027201964,0.9907671732959048,0,0,1,1
Jeff Fisher,LA,2016,0.14285714285714285,0.875,0.25,0.11082321436546592,23,-1.3077910758168976,-1.1614204730240607,-1.2857182972620889,0.7873240667830458,0,0,0,1
Jeff Saturday,IND,2022,0.5,1,0.125,0.030899699755368756,9,-1.960956616329723,0.43802719595704304,0.49297150027201964,0.3279317908932651,0,1,1,1
Jim Caldwell,DET,2016,0.1111111111111111,1,0.5625,0.14663196709950077,21,0.32512277546516566,-1.3035935991557144,0.49297150027201964,0.9931491546250216,1,0,1,1
Jim Caldwell,DET,2017,0.375,1,0.5625,-0.2725780690094416,18,0.32512277546516566,-0.12177948818634331,0.49297150027201964,-1.416427720258735,1,0,1,0
Joe Judge,NYG,2020,0.1875,1,0.375,0.20149146163233492,26,-0.6546255353040723,-0.9614895144014228,0.49297150027201964,1.3084759789088194,0,0,1,1
Joe Judge,NYG,2021,0.14285714285714285,1,0.23529411764705882,-0.060330663725774114,16,-1.3846340805831123,-1.1614204730240607,0.49297150027201964,-0.19645110836126026,0,0,1,0
John Fox,CHI,2016,0.5,1,0.1875,-0.3473356040687186,13,-1.6343738460733104,0.43802719595704304,0.49297150027201964,-1.846126468347231,0,1,1,0
John Fox,CHI,2017,0.3333333333333333,1,0.3125,-0.1114970124936977,13,-0.981208305560485,-0.30838171623413885,0.49297150027201964,-0.4905501044344025,0,0,1,0
John Harbaugh,BAL,2016,0.4,1,0.5,0.15116388244437784,25,-0.00145999479124701,-0.009818151357665937,0.49297150027201964,1.0191981455206232,0,0,1,1
John Harbaugh,BAL,2017,0.5,1,0.5625,0.22606090515770266,13,0.32512277546516566,0.43802719595704304,0.49297150027201964,1.449698654532223,1,1,1,1
John Harbaugh,BAL,2018,0.6666666666666666,1,0.625,0.15411333416167883,20,0.6517055457215783,1.1844361081482246,0.49297150027201964,1.0361512955872587,1,1,1,1
John Harbaugh,BAL,2019,0.75,1,0.875,0.2444382899720456,12,1.958036626747229,1.5576405642438156,0.49297150027201964,1.5553300031528297,1,1,1,1
John Harbaugh,BAL,2020,0.6666666666666666,0.8333333333333334,0.6875,0.12294966159515165,9,0.9782883159779909,1.1844361081482246,-1.8786148964401246,0.8570256585921586,1,1,0,1
John Harbaugh,BAL,2021,0.5,1,0.47058823529411764,0.20351917061758384,17,-0.15514600432367653,0.43802719595704304,0.49297150027201964,1.320131045006951,0,1,1,1
John Harbaugh,BAL,2022,0.6666666666666666,1,0.5882352941176471,-0.008600861289252627,19,0.45959803380604153,1.1844361081482246,0.49297150027201964,0.1008865623927742,1,1,1,1
Jon Gruden,LV,2018,0.375,1,0.25,-0.28500801688371397,15,-1.3077910758168976,-0.12177948818634331,0.49297150027201964,-1.4878738030669094,0,0,1,0
Jon Gruden,LV,2019,0.4444444444444444,1,0.4375,-0.25614211541578125,17,-0.32804276504765967,0.189224225226649,0.49297150027201964,-1.3219555218744996,0,1,1,0
Jon Gruden,LV,2020,0.6,1,0.5,0.15385222618349942,18,-0.00145999479124701,0.885872543271752,0.49297150027201964,1.0346504733457196,0,1,1,1
Josh McDaniels,LV,2022,0.4375,1,0.35294117647058826,0.19323934704235488,30,-0.7698900424533943,0.15812385388534986,0.49297150027201964,1.2610436591354939,0,1,1,1
Kevin O'Connell,MIN,2022,0.5,0.9090909090909091,0.7647058823529411,-0.09819262083453348,25,1.381714091000618,0.43802719595704304,-0.800621079752787,-0.41407780722063214,1,1,0,0
Kevin Stefanski,CLE,2020,0.4,1,0.6875,-0.27513712228696713,10,0.9782883159779909,-0.009818151357665937,0.49297150027201964,-1.4311368995912608,1,0,1,0
Kevin Stefanski,CLE,2021,0.42857142857142855,0.9375,0.47058823529411764,-0.18463139913462248,23,-0.15514600432367653,0.11813766216082217,-0.3963733984950346,-0.9109191596327467,0,1,0,0
Kevin Stefanski,CLE,2022,0.6,1,0.4117647058823529,0.024534899631187886,14,-0.46251802338853554,0.885872543271752,0.49297150027201964,0.29134756372438614,0,1,1,1
Kliff Kingsbury,ARI,2019,0.25,0.8888888888888888,0.34375,-0.07268007116312769,13,-0.8179169204322786,-0.6815861723297296,-1.0880860975360775,-0.2674342528865301,0,0,0,0
Kliff Kingsbury,ARI,2020,0.5833333333333334,0.8,0.5,0.2590312462613574,17,-0.00145999479124701,0.811231652052634,-2.3529321757825534,1.6392088394929432,0,1,0,1
Kliff Kingsbury,ARI,2021,1,1,0.6470588235294118,-0.04187026590339366,13,0.7669700528709006,2.677253932530588,0.49297150027201964,-0.09034260936911614,1,1,1,0
Kliff Kingsbury,ARI,2022,0.8571428571428571,1,0.23529411764705882,-0.24141734919872115,17,-1.3846340805831123,2.0374748649381464,0.49297150027201964,-1.2373190554052733,0,1,1,0
Kyle Shanahan,SF,2017,0.2857142857142857,0.9090909090909091,0.375,0.12500471998072915,18,-0.6546255353040723,-0.5216414054316193,-0.800621079752787,0.8688379262763622,0,0,0,1
Kyle Shanahan,SF,2018,0.3333333333333333,1,0.25,0.045782252065671526,18,-1.3077910758168976,-0.30838171623413885,0.49297150027201964,0.41347519586278275,0,0,1,1
Kyle Shanahan,SF,2019,0.5,1,0.8125,0.048139319105392125,19,1.6314538564908163,0.43802719595704304,0.49297150027201964,0.4270233787359272,1,1,1,1
Kyle Shanahan,SF,2020,0.3333333333333333,1,0.375,-0.08976098743436668,12,-0.6546255353040723,-0.30838171623413885,0.49297150027201964,-0.36561363148878107,0,0,1,0
Kyle Shanahan,SF,2021,0.3333333333333333,1,0.5882352941176471,0.02645280773974155,15,0.45959803380604153,-0.30838171623413885,0.49297150027201964,0.30237150549214,1,0,1,1
Kyle Shanahan,SF,2022,0.16666666666666666,1,0.7647058823529411,-0.17558984196044927,11,1.381714091000618,-1.0547906284253206,0.49297150027201964,-0.858949203755628,1,0,1,0
Lovie Smith,HOU,2022,0.3,0.875,0.20588235294117646,0.0878858144585257,18,-1.5383200901155418,-0.45766349867237516,-1.2857182972620889,0.6554822127598734,0,0,0,1
Marvin Lewis,CIN,2016,0.25,1,0.40625,-0.11704322411930888,18,-0.491334150175866,-0.6815861723297296,0.49297150027201964,-0.5224291677324271,0,0,1,0
Marvin Lewis,CIN,2017,0.3333333333333333,1,0.4375,-0.12830252100255965,20,-0.32804276504765967,-0.30838171623413885,0.49297150027201964,-0.5871464670822961,0,0,1,0
Marvin Lewis,CIN,2018,0.5,1,0.375,-0.04483922354412298,14,-0.6546255353040723,0.43802719595704304,0.49297150027201964,-0.10740787751014813,0,1,1,0
Matt Eberflus,CHI,2022,0.42857142857142855,0.875,0.17647058823529413,-0.2022744407559062,15,-1.692006099647971,0.11813766216082217,-1.2857182972620889,-1.012329577875236,0,1,0,0
Matt LaFleur,GB,2019,0.6666666666666666,1,0.8125,0.02924456796533719,15,1.6314538564908163,1.1844361081482246,0.49297150027201964,0.3184182608185495,1,1,1,1
Matt LaFleur,GB,2020,0.5,1,0.8125,-0.019722273852348128,10,1.6314538564908163,0.43802719595704304,0.49297150027201964,0.03696180816500925,1,1,1,1
Matt LaFleur,GB,2021,0.5,1,0.7647058823529411,-0.01170747031344927,13,1.381714091000618,0.43802719595704304,0.49297150027201964,0.0830300880261536,1,1,1,1
Matt LaFleur,GB,2022,0.5,1,0.47058823529411764,-0.3509459577412582,19,-0.15514600432367653,0.43802719595704304,0.49297150027201964,-1.8668784159872494,0,1,1,0
Matt Nagy,CHI,2018,0.5,1,0.75,-0.2298433333214223,16,1.3048710862344035,0.43802719595704304,0.49297150027201964,-1.1707927831186309,1,1,1,0
Matt Nagy,CHI,2019,0.3333333333333333,1,0.5,-0.2615492791357895,17,-0.00145999479124701,-0.30838171623413885,0.49297150027201964,-1.3530353518789904,0,0,1,0
Matt Nagy,CHI,2020,0.5454545454545454,0.875,0.5,0.019150684408500627,19,-0.00145999479124701,0.6415932629182742,-1.2857182972620889,0.2603996393607319,0,1,0,1
Matt Nagy,CHI,2021,0.875,0.8571428571428571,0.35294117647058826,-0.27537797003812114,15,-0.7698900424533943,2.117447248387202,-1.5398168397669623,-1.4325212680976427,0,1,0,0
Matt Patricia,DET,2018,0,1,0.375,-0.03683087350934658,12,-0.6546255353040723,-1.8011995406165022,0.49297150027201964,-0.06137669173778031,0,0,1,0
Matt Patricia,DET,2019,0.3333333333333333,1,0.21875,0.0015596396853300191,26,-1.4710824609451039,-0.30838171623413885,0.49297150027201964,0.15928809402792288,0,0,1,1
Matt Patricia,DET,2020,0,1,0.36363636363636365,-0.148936671867187,7,-0.7140042208052382,-1.8011995406165022,0.49297150027201964,-0.7057494786365038,0,0,1,0
Matt Rhule,CAR,2020,0.375,1,0.3125,0.1695258984221451,15,-0.981208305560485,-0.12177948818634331,0.49297150027201964,1.1247411556235014,0,0,1,1
Matt Rhule,CAR,2021,0.6,1,0.29411764705882354,-0.2680036929137533,12,-1.0772620615182533,0.885872543271752,0.49297150027201964,-1.3901346692633456,0,1,1,0
Mike McCarthy,DAL,2020,0.7272727272727273,0.8888888888888888,0.375,0.007116836743184753,20,-0.6546255353040723,1.4558575307632,-1.0880860975360775,0.19123030047905604,0,1,0,1
Mike McCarthy,DAL,2021,0.42857142857142855,1,0.7058823529411765,0.06620785309065624,14,1.0743420719357597,0.11813766216082217,0.49297150027201964,0.5308794840383044,1,1,1,1
Mike McCarthy,DAL,2022,0.1111111111111111,1,0.7058823529411765,0.19598491259285386,19,1.0743420719357597,-1.3035935991557144,0.49297150027201964,1.2768248921430942,1,0,1,1
Mike McCarthy,GB,2016,0,1,0.625,-0.05698139085569266,8,0.6517055457215783,-1.8011995406165022,0.49297150027201964,-0.1771998267594845,1,0,1,0
Mike McCarthy,GB,2017,0,0.8333333333333334,0.4375,-0.07907167292216316,14,-0.32804276504765967,-1.8011995406165022,-1.8786148964401246,-0.3041725331409557,0,0,0,0
Mike McCarthy,GB,2018,0.5,1,0.375,-0.18728038051628762,12,-0.6546255353040723,0.43802719595704304,0.49297150027201964,-0.926145236609585,0,1,1,0
Mike McCoy,LAC,2016,0.5454545454545454,0.875,0.3125,-0.07876928165513093,19,-0.981208305560485,0.6415932629182742,-1.2857182972620889,-0.30243441873183813,0,1,0,0
Mike McDaniel,MIA,2022,0.3076923076923077,1,0.5294117647058824,0.031523681526302916,20,0.1522260147411825,-0.42321385657124355,0.49297150027201964,0.3315183749825859,1,0,1,1
Mike Mularkey,TEN,2016,0.5,0.9,0.5625,-0.016256892147721705,18,0.32512277546516566,0.43802719595704304,-0.9299803377552669,0.05688047160068877,1,1,0,1
Mike Mularkey,TEN,2017,0.3333333333333333,1,0.5625,0.1599256825915284,24,0.32512277546516566,-0.30838171623413885,0.49297150027201964,1.069560086310229,1,0,1,1
Mike Tomlin,PIT,2016,0,1,0.6875,0.10521278109111314,7,0.9782883159779909,-1.8011995406165022,0.49297150027201964,0.7550758639455412,1,0,1,1
Mike Tomlin,PIT,2017,0.2857142857142857,1,0.8125,0.04928748780051373,22,1.6314538564908163,-0.5216414054316193,0.49297150027201964,0.43362293623199705,1,0,1,1
Mike Tomlin,PIT,2018,0.5,0.9230769230769231,0.59375,-0.16602080293653926,23,0.48841416059337195,0.43802719595704304,-0.6016068366720464,-0.8039473355730595,1,1,0,0
Mike Tomlin,PIT,2019,0.5,1,0.5,-0.30092253477939973,29,-0.00145999479124701,0.43802719595704304,0.49297150027201964,-1.5793488418143182,0,1,1,0
Mike Tomlin,PIT,2020,0.5,1,0.75,0.05287363942680576,13,1.3048710862344035,0.43802719595704304,0.49297150027201964,0.4542357729587744,1,1,1,1
Mike Tomlin,PIT,2021,0.09090909090909091,0.9166666666666666,0.5588235294117647,-0.016072442667395007,23,0.305912024273612,-1.3940674066940393,-0.6928216980840533,0.057940668552328635,1,0,0,1
Mike Tomlin,PIT,2022,0.3333333333333333,1,0.5294117647058824,-0.05195194845810326,20,0.1522260147411825,-0.30838171623413885,0.49297150027201964,-0.14829110070111803,1,0,1,0
Mike Vrabel,TEN,2018,0.2857142857142857,1,0.5625,-0.02350993514097722,17,0.32512277546516566,-0.5216414054316193,0.49297150027201964,0.015190714286423596,1,0,1,1
Mike Vrabel,TEN,2019,0.16666666666666666,0.8571428571428571,0.5625,-0.23762439650807932,19,0.32512277546516566,-1.0547906284253206,-1.5398168397669623,-1.2155175470832646,1,0,0,0
Mike Vrabel,TEN,2020,0.3,0.8333333333333334,0.6875,-0.04765710331352924,16,0.9782883159779909,-0.45766349867237516,-1.8786148964401246,-0.12360476533179264,1,0,0,0
Mike Vrabel,TEN,2021,0.8,0.8571428571428571,0.7058823529411765,-0.05311287676468377,17,1.0743420719357597,1.7815632379011703,-1.5398168397669623,-0.1549639991529275,1,1,0,0
Mike Vrabel,TEN,2022,0.5,1,0.4117647058823529,0.11074650270034835,25,-0.46251802338853554,0.43802719595704304,0.49297150027201964,0.7868831358930871,0,1,1,1
Mike Zimmer,MIN,2016,0.6,1,0.5,-0.01639440361695722,17,-0.00145999479124701,0.885872543271752,0.49297150027201964,0.056090069587949085,0,1,1,1
Mike Zimmer,MIN,2017,0.25,0.9230769230769231,0.8125,-0.21448802123595054,17,1.6314538564908163,-0.6815861723297296,-0.6016068366720464,-1.0825320027918914,1,0,0,0
Mike Zimmer,MIN,2018,0.5,1,0.53125,-0.3051783917270731,6,0.1618313903369593,0.43802719595704304,0.49297150027201964,-1.6038110769724054,1,1,1,0
Mike Zimmer,MIN,2019,0.25,1,0.625,-0.09161237950109413,14,0.6517055457215783,-0.6815861723297296,0.49297150027201964,-0.3762552457777348,1,0,1,0
Mike Zimmer,MIN,2020,0.875,1,0.4375,-0.3002812120041967,17,-0.32804276504765967,2.117447248387202,0.49297150027201964,-1.5756625833868987,0,1,1,0
Mike Zimmer,MIN,2021,0.45454545454545453,1,0.47058823529411764,0.030581723867845738,18,-0.15514600432367653,0.23446112899581156,0.49297150027201964,0.3261040976623068,0,1,1,1
Nathaniel Hackett,DEN,2022,0.36363636363636365,1,0.26666666666666666,-0.00587960910851911,26,-1.2207023370818542,-0.1726710049266511,0.49297150027201964,0.11652804461081549,0,0,1,1
Nick Sirianni,PHI,2022,0.5,0.6666666666666666,0.8235294117647058,0.2823180260160775,12,1.689086110065477,0.43802719595704304,-4.25020129315227,1.7730588935334024,1,1,0,1
Pat Shurmur,NYG,2018,0.4,1,0.3125,0.10220338188425641,25,-0.981208305560485,-0.009818151357665937,0.49297150027201964,0.737778141773997,0,0,1,1
Pat Shurmur,NYG,2019,0.5,0.7272727272727273,0.25,-0.18763801837814137,19,-1.3077910758168976,0.43802719595704304,-3.3878062398023987,-0.9282009028562818,0,1,0,0
Pete Carroll,SEA,2016,0.42857142857142855,1,0.65625,-0.011187451279080336,17,0.8149969308497846,0.11813766216082217,0.49297150027201964,0.086019104823903,1,1,1,1
Pete Carroll,SEA,2017,0.125,0.8333333333333334,0.5625,-0.07884560760833043,14,0.32512277546516566,-1.241392856473116,-1.8786148964401246,-0.3028731325887153,1,0,0,0
Pete Carroll,SEA,2018,0.375,1,0.625,0.17023117009405714,22,0.6517055457215783,-0.12177948818634331,0.49297150027201964,1.1287949858393127,1,0,1,1
Pete Carroll,SEA,2019,0.3,0.8888888888888888,0.6875,0.03865152408010226,19,0.9782883159779909,-0.45766349867237516,-1.0880860975360775,0.37248849283774127,1,0,0,1
Pete Carroll,SEA,2020,0.5,1,0.75,0.3192720752275872,15,1.3048710862344035,0.43802719595704304,0.49297150027201964,1.985467029655005,1,1,1,1
Pete Carroll,SEA,2021,0.5714285714285714,1,0.4117647058823529,-0.08993417373490692,18,-0.46251802338853554,0.7579167297532636,0.49297150027201964,-0.3666090888225363,0,1,1,0
Pete Carroll,SEA,2022,0.4,0.9090909090909091,0.5294117647058824,0.27980193317374247,16,0.1522260147411825,-0.009818151357665937,-0.800621079752787,1.7585966464359224,1,0,0,1
Raheem Morris,ATL,2020,0.75,0.8,0.36363636363636365,0.41875165654278557,9,-0.7140042208052382,1.5576405642438156,-2.3529321757825534,2.5572655984228745,0,1,0,1
Rex Ryan,BUF,2016,0.2727272727272727,1,0.4666666666666667,-0.07561980248228763,22,-0.17563747226133372,-0.579803138849114,0.49297150027201964,-0.2843315310880913,0,0,1,0
Rich Bisaccia,LV,2021,0.3333333333333333,1,0.5833333333333334,0.3662505755059361,16,0.43398369888397004,-0.30838171623413885,0.49297150027201964,2.2554946963066023,1,0,1,1
Robert Saleh,NYJ,2021,0.6,0.9090909090909091,0.23529411764705882,-0.1682021237130559,16,-1.3846340805831123,0.885872543271752,-0.800621079752787,-0.8164853467060565,0,1,0,0
Robert Saleh,NYJ,2022,0.4444444444444444,0.9166666666666666,0.4117647058823529,-0.15053629263732565,21,-0.46251802338853554,0.189224225226649,-0.6928216980840533,-0.7149439369850825,0,1,0,0
Ron Rivera,CAR,2016,0.3333333333333333,0.875,0.375,0.173039880474873,17,-0.6546255353040723,-0.30838171623413885,-1.2857182972620889,1.1449391689430328,0,0,0,1
Ron Rivera,CAR,2017,0.42857142857142855,1,0.6875,0.09828290848706388,14,0.9782883159779909,0.11813766216082217,0.49297150027201964,0.71524365733236706,1,1,1,1
Ron Rivera,CAR,2018,0.7777777777777778,1,0.4375,0.020329776089072413,15,-0.32804276504765967,1.6820420496090127,0.49297150027201964,0.26717693904860307,0,1,1,1
Ron Rivera,CAR,2019,0.5714285714285714,0.9,0.3125,-0.10591264700815431,17,-0.981208305560485,0.7579167297532636,-0.9299803377552669,-0.458451736609622,0,1,0,0
Ron Rivera,WAS,2020,0.6,1,0.4375,0.08909241579290969,14,-0.32804276504765967,0.885872543271752,0.49297150027201964,0.6624176351546274,0,1,1,1
Ron Rivera,WAS,2021,0.5555555555555556,1,0.4117647058823529,-0.10399709147281545,17,-0.46251802338853554,0.686830166687437,0.49297150027201964,-0.4474413171946904,0,1,1,0
Ron Rivera,WAS,2022,0.45454545454545453,0.9230769230769231,0.5,0.01814270940889222,24,-0.00145999479124701,0.23446112899581156,-0.6016068366720464,0.2546059010426774,0,1,0,1
Sean McDermott,BUF,2017,0,1,0.5625,-0.1313195887507929,15,0.32512277546516566,-1.8011995406165022,0.49297150027201964,-0.6044882672538243,1,0,1,0
Sean McDermott,BUF,2018,0.6666666666666666,1,0.375,-0.38657245760637293,10,-0.6546255353040723,1.1844361081482246,0.49297150027201964,-2.0716559327777126,0,1,1,0
Sean McDermott,BUF,2019,0.4166666666666667,0.875,0.625,-0.15862552516540213,20,0.6517055457215783,0.06482273986145222,-1.2857182972620889,-0.7614400271458274,1,1,0,0
Sean McDermott,BUF,2020,NA,1,0.8125,0.2613186198831344,7,1.6314538564908163,NA,0.49297150027201964,1.652356431650829,1,NA,1,1
Sean McDermott,BUF,2021,0.75,0.8333333333333334,0.6470588235294118,0.0166525704294209,14,0.7669700528709006,1.5576405642438156,-1.8786148964401246,0.24604073295027074,1,1,0,1
Sean McDermott,BUF,2022,0.8,1,0.8125,0.023827631402590903,14,1.6314538564908163,1.7815632379011703,0.49297150027201964,0.28728225750274694,1,1,1,1
Sean McVay,LA,2017,0.16666666666666666,1,0.6875,0.23482058657300323,12,0.9782883159779909,-1.0547906284253206,0.49297150027201964,1.5000484170655135,1,0,1,1
Sean McVay,LA,2018,0.4444444444444444,1,0.8125,-0.06813264186080768,23,1.6314538564908163,0.189224225226649,0.49297150027201964,-0.2412960893331377,1,1,1,0
Sean McVay,LA,2019,0.25,1,0.5625,-0.25682544395300794,14,0.32512277546516566,-0.6815861723297296,0.49297150027201964,-1.325883225172189,1,0,1,0
Sean McVay,LA,2020,0.1111111111111111,1,0.625,-0.41606391516689173,16,0.6517055457215783,-1.3035935991557144,0.49297150027201964,-2.24116984710102,1,0,1,0
Sean McVay,LA,2021,0.5,1,0.7058823529411765,-0.04846069703257737,17,1.0743420719357597,0.43802719595704304,0.49297150027201964,-0.12822374072702153,1,1,1,0
Sean McVay,LA,2022,0.25,1,0.29411764705882354,0.1849816553296626,13,-1.0772620615182533,-0.6815861723297296,0.49297150027201964,1.2135792826250715,0,0,1,1
Sean Payton,NO,2016,0.16666666666666666,1,0.4375,0.1557976333704201,10,-0.32804276504765967,-1.0547906284253206,0.49297150027201964,1.045832477033767,0,0,1,1
Sean Payton,NO,2017,0.42857142857142855,1,0.6875,0.1825674980720687,14,0.9782883159779909,0.11813766216082217,0.49297150027201964,1.1997029509555708,1,1,1,1
Sean Payton,NO,2018,0.5555555555555556,1,0.8125,0.3457997915264398,16,1.6314538564908163,0.686830166687437,0.49297150027201964,2.137945659056379,1,1,1,1
Sean Payton,NO,2019,0.5,1,0.8125,-0.07654066669299357,11,1.6314538564908163,0.43802719595704304,0.49297150027201964,-0.28962456540478043,1,1,1,0
Sean Payton,NO,2020,0.2,1,0.75,-0.08255248067519823,8,1.3048710862344035,-0.9055088459870841,0.49297150027201964,-0.324179863942191,1,0,1,0
Sean Payton,NO,2021,0.2,1,0.5294117647058824,-0.13559002614313764,15,0.1522260147411825,-0.9055088459870841,0.49297150027201964,-0.6290343093327375,1,0,1,0
Steve Wilks,ARI,2018,0.25,1,0.1875,-0.23752433505598394,12,-1.6343738460733104,-0.6815861723297296,0.49297150027201964,-1.214942403980122,0,0,1,0
Steve Wilks,CAR,2022,0.3333333333333333,0.8333333333333334,0.5,0.11621613237413235,9,-0.00145999479124701,-0.30838171623413885,-1.8786148964401246,0.8183220138800227,0,0,0,1
Todd Bowles,NYJ,2016,0,1,0.3125,-0.29710854021026484,13,-0.981208305560485,-1.8011995406165022,0.49297150027201964,-1.557426386903598,0,0,1,0
Todd Bowles,NYJ,2017,0,0.8571428571428571,0.3125,-0.02376697668133963,15,-0.981208305560485,-1.8011995406165022,-1.5398168397669623,0.013713265518043423,0,0,0,1
Todd Bowles,NYJ,2018,0.8571428571428571,0.9,0.25,0.014361084624757218,17,-1.3077910758168976,2.0374748649381464,-0.9299803377552669,0.23286950438119347,0,1,0,1
Todd Bowles,TB,2022,0.3076923076923077,1,0.47058823529411764,-0.16897702324269642,23,-0.15514600432367653,-0.42321385657124355,0.49297150027201964,-0.8209393908036431,0,0,1,0
Urban Meyer,JAX,2021,0.36363636363636365,1,0.15384615384615385,-0.10952205131219844,14,-1.8102261069806094,-0.1726710049266511,0.49297150027201964,-0.47919822737557893,0,0,1,0
Vance Joseph,DEN,2017,0.75,0.6666666666666666,0.3125,-0.15403554254439983,7,-0.981208305560485,1.5576405642438156,-4.25020129315227,-0.7350572714218894,0,1,0,0
Vance Joseph,DEN,2018,0.5333333333333333,1,0.375,-0.030356601642893586,21,-0.6546255353040723,0.5873089783952793,0.49297150027201964,-0.024163232069888425,0,1,1,0
Vic Fangio,DEN,2019,0.6,1,0.4375,0.11787116743470015,22,-0.32804276504765967,0.885872543271752,0.49297150027201964,0.8278349879635669,0,1,1,1
Vic Fangio,DEN,2020,0.125,1,0.3125,-0.05590183396482259,13,-0.981208305560485,-1.241392856473116,0.49297150027201964,-0.17099464297260128,0,0,1,0
Vic Fangio,DEN,2021,1,1,0.4117647058823529,0.07048559968587507,6,-0.46251802338853554,2.677253932530588,0.49297150027201964,0.555467538675845,0,1,1,1
Zac Taylor,CIN,2019,0.25,0.8333333333333334,0.125,0.15615383101039026,10,-1.960956616329723,-0.6815861723297296,-1.8786148964401246,1.0478798650307883,0,0,0,1
Zac Taylor,CIN,2020,0.8,1,0.28125,0.22163931625820316,10,-1.1444996906886913,1.7815632379011703,0.49297150027201964,1.424283808882612,0,1,1,1
Zac Taylor,CIN,2021,0.42857142857142855,0.9230769230769231,0.5882352941176471,0.18588293662449712,20,0.45959803380604153,0.11813766216082217,-0.6016068366720464,1.218759756322591,1,1,0,1
Zac Taylor,CIN,2022,0.5,1,0.75,-0.06681420060640425,20,1.3048710862344035,0.43802719595704304,0.49297150027201964,-0.23371782239327454,1,1,1,0
